{"cameraMode":{"drawMode":0,"name":"Shaded","section":"Shading Mode"},"sceneLighting":true,"audioPlay":false,"sceneViewState":{"showFog":true,"showMaterialUpdate":false,"showSkybox":true,"showFlares":true,"showImageEffects":true,"showParticleSystems":true},"in2DMode":false,"pivot":{"x":-4.8672332763671879,"y":5.1572370529174809,"z":3.048969268798828},"rotation":{"x":-0.060085445642471316,"y":0.8689908385276794,"z":-0.10902508348226547,"w":-0.47891420125961306},"size":13.117944717407227,"orthographic":false}